date;exp;genotype;sex;0;0,1;0,3;0,6;1;3;10;30;SCORE;on mouth;remarks
20.05.2011;phenotype;tbh;f;0;0;0;0;0;0;0;1;1;1;
20.05.2011;phenotype;tbh;f;0;0;0;0;0;0;0;0;0;1;
20.05.2011;phenotype;tbh;f;0;0;0;0;0;0;0;1;1;1;
20.05.2011;phenotype;tbh;f;0;0;0;0;0;0;0;0;0;1;
24.05.2011;phenotype;tbh;f;0;0;0;0;0;0;0;0;0;1;
24.05.2011;phenotype;tbh;f;0;0;0;0;0;0;0;0;0;1;
24.05.2011;phenotype;tbh;f;0;0;0;0;0;0;0;0;0;1;
25.05.2011;phenotype;tbh;f;0;0;0;0;0;1;0;1;2;1;
25.05.2011;phenotype;tbh;f;0;0;1;0;0;0;1;1;3;1;
25.05.2011;phenotype;tbh;f;0;0;0;0;0;0;0;0;0;1;
25.05.2011;phenotype;tbh;f;0;0;0;0;0;0;0;0,5;0,5;1;
26.05.2011;phenotype;tbh;f;0;0;0;0;0;0;1;0;1;1;in 1% a bit extension
26.05.2011;phenotype;tbh;f;0;0;0;0;0;1;1;0;2;1;
26.05.2011;phenotype;tbh;f;0;0;0;0;0;0;0;0;0;1;
26.05.2011;phenotype;tbh;f;0;0;0;0;0;0;0;0;0;1;
20.05.2011;phenotype;w;f;0;0;0;0;0;0;0;1;1;1;
20.05.2011;phenotype;w;f;0;0;0;0;0;0;0;1;1;1;
20.05.2011;phenotype;w;f;0;0;0;0;0;0;1;1;2;1;
20.05.2011;phenotype;w;f;0;0;0;0;0;0;0;0;0;1;
20.05.2011;phenotype;w;f;0;0;0;0;0;0;0;0;0;1;
20.05.2011;phenotype;w;f;0;0;0;0;0;1;1;1;3;1;
24.05.2011;phenotype;w;f;0;0;0;0;1;1;1;1;4;1;
24.05.2011;phenotype;w;f;0;0;0;0;0;0;0;1;1;1;
24.05.2011;phenotype;w;f;0;1;1;1;1;1;0;1;6;1;
24.05.2011;phenotype;w;f;0;0;0;0;0;0;1;1;2;1;
25.05.2011;phenotype;w;f;0;0;0;0;0;1;1;1;3;1;
25.05.2011;phenotype;w;f;0;0;1;0;0;1;1;1;4;1;
25.05.2011;phenotype;w;f;0;0;0;1;1;1;1;0;4;1;
25.05.2011;phenotype;w;f;0;0;0;0,5;1;1;1;1;4,5;1;
26.05.2011;phenotype;w;f;0;0;0;0;1;1;1;1;4;1;
26.05.2011;phenotype;w;f;0;0;0;0;0;0;0;1;1;1;
26.05.2011;phenotype;w;f;0;0;0;0;0;1;1;1;3;1;
26.05.2011;phenotype;w;f;0;0;0;0;0;0;0;0;0;1;in 10 and 30% a bit extension
01.05.2012;daytime;tbh;f;0;0;0;0;0;0;0;0;0;1;
01.05.2012;daytime;tbh;f;0;0;0;0;0;0;0;1;1;1;
01.05.2012;daytime;tbh;f;0;0;0;1;0;1;1;1;4;0,5;
01.05.2012;daytime;tbh;f;0;0;0;0;0;1;0;0;1;1;in 30% a bit extension
01.05.2012;daytime;tbh;f;0;0;0;1;0;1;1;1;4;1;
01.05.2012;daytime;tbh;f;0;0;0;0;0;0;0;0;0;1;
01.05.2012;daytime;tbh;f;0;0;0;0;0;0;0;1;1;1;
01.05.2012;daytime;tbh;f;0;0;0;0;0;0;1;1;2;1;
01.05.2012;daytime;tbh;f;0;0;0;0;0;0;0;0;0;1;
02.05.2012;daytime;tbh;f;0;0;0;0;1;0;1;1;3;1;
02.05.2012;daytime;tbh;f;0;0;0;0;0;0;0;0;0;1;
02.05.2012;daytime;tbh;f;0;0;0;0;0;1;1;1;3;1;
02.05.2012;daytime;tbh;f;0;0;0;0;0;1;1;1;3;1;
02.05.2012;daytime;tbh;f;0;0;0;0;0;0;1;1;2;1;
02.05.2012;daytime;tbh;f;0;0;0;0;0;0;1;1;2;1;in 3% a bit extension
02.05.2012;daytime;tbh;f;0;0;0;0;0;1;1;0;2;1;
02.05.2012;daytime;tbh;f;0;0;0;0;0;0;1;1;2;1;
02.05.2012;daytime;tbh;f;0;0;0;0;0;0;1;1;2;1;
02.05.2012;daytime;tbh;f;0;0;0;1;0;1;1;1;4;1;
02.05.2012;daytime;tbh;f;0;0;0;0;0;0;1;1;2;1;
03.05.2012;daytime;tbh;f;0;0;0;0;0;0;0;0;0;1;
03.05.2012;daytime;tbh;f;0;0;0;0;0;0;0;1;1;1;
03.05.2012;daytime;tbh;f;0;0;0;0;0;0;0;1;1;1;
03.05.2012;daytime;tbh;f;0;0;0;0;0;0;0;1;1;1;
25.04.2012;daytime;w;f;0;1;1;1;1;1;1;1;7;1;
25.04.2012;daytime;w;f;0;0;1;1;1;1;1;1;6;1;
25.04.2012;daytime;w;f;0;0;1;1;1;1;1;1;6;1;
25.04.2012;daytime;w;f;0;1;1;1;1;1;1;1;7;1;
25.04.2012;daytime;w;f;0;0;0;1;1;1;1;1;5;1;
25.04.2012;daytime;w;f;0;0;0;1;0,5;1;1;1;4,5;1;
25.04.2012;daytime;w;f;0;1;1;1;1;1;1;1;7;1;
25.04.2012;daytime;w;f;0;0;0;0;0;0;1;1;2;1;
25.04.2012;daytime;w;f;0;1;1;1;1;1;1;1;7;1;
25.04.2012;daytime;w;f;0;0;0;0;1;1;1;1;4;1;in 0 and 1% extension before
25.04.2012;daytime;w;f;0;0;0;1;0;1;1;1;4;1;
01.05.2012;daytime;w;f;0;0;1;1;1;1;1;1;6;1;
01.05.2012;daytime;w;f;0;0;0;0;0;0;0;1;1;1;in3% and 10% a bit extension
01.05.2012;daytime;w;f;0;1;0;1;1;1;1;1;6;1;
01.05.2012;daytime;w;f;0;0;0;0;0;1;1;1;3;1;in 1% a bit extension
01.05.2012;daytime;w;f;0;0;0;0;0;0;0,5;1;1,5;1;
01.05.2012;daytime;w;f;0;0;1;1;1;1;1;1;6;1;
01.05.2012;daytime;w;f;0;0;1;0;0;1;1;1;4;1;
01.05.2012;daytime;w;f;0;0;0;0;0;1;0;1;2;1;
02.05.2012;daytime;w;f;0;0;0;1;1;1;1;1;5;1;in 0.1%,0.3%,30% extension before, in 0.3% a bit extension
02.05.2012;daytime;w;f;0;0;0;0;0;0;1;1;2;1;
02.05.2012;daytime;w;f;0;0;0;0;0;0;1;0;1;1;
02.05.2012;daytime;w;f;0;1;1;1;1;0,5;1;1;6,5;1;
02.05.2012;daytime;w;f;0;0;1;0;0;1;1;1;4;1;
02.05.2012;daytime;w;f;0;0;0;1;1;0;1;1;4;1;
02.05.2012;daytime;w;f;0;1;1;0;1;1;1;1;6;1;
02.05.2012;daytime;w;f;0;0;0;0;0;1;1;1;3;1;
02.05.2012;daytime;w;f;0;1;1;0;1;0;0,5;1;4,5;1;
02.05.2012;daytime;w;f;0;0;0;0;1;1;1;1;4;1;
03.05.2012;daytime;w;f;0;0;0;0;0;1;1;1;3;1;
03.05.2012;daytime;w;f;0;0;1;0;1;0;1;1;4;1;
03.05.2012;daytime;w;f;0;0;0;0;0;0;1;1;2;1;
03.05.2012;daytime;w;f;0;1;0;1;0;1;1;0;4;1;
03.05.2012;daytime;w;f;0;1;1;1;1;1;1;1;7;1;
03.05.2012;daytime;w;f;0;0;0;0;0;0;0;0;0;1;
11.05.2012;starvationcurve;tbh;f;0;0;0;0;0;0;0;0;0;1;
11.05.2012;starvationcurve;tbh;f;0;0;0;0;0;0;0;0;0;1;
12.05.2012;starvationcurve;tbh;f;0;0;0;0;0;0;1;1;2;1;
12.05.2012;starvationcurve;tbh;f;0;0;0;0;0;0;0;0;0;1;
12.05.2012;starvationcurve;tbh;f;0;0;0;0;0;0;1;1;2;1;in 0.1%,3% a bit extension
16.05.2012;starvationcurve;tbh;f;0;0;0;0;0;0;0;0;0;1;
16.05.2012;starvationcurve;tbh;f;0;0;0;0;0;1;0;0;1;1;
16.05.2012;starvationcurve;tbh;f;0;0;0;0;0;0;0;0;0;1;
17.05.2012;starvationcurve;tbh;f;0;0;0;0;0;1;0;1;2;1;
17.05.2012;starvationcurve;tbh;f;0;0;0;0;0,5;0;0,5;1;2;1;
17.05.2012;starvationcurve;tbh;f;0;0;0;0;0;0;0;1;1;1;
25.05.2012;starvationcurve;tbh;f;0;0;0;0;0;0;0;0;0;1;
25.05.2012;starvationcurve;tbh;f;0;0;0;0;0;1;1;1;3;1;
10.07.2012;starvationcurve;tbh;f;0;0;1;1;1;1;1;1;6;9;
10.07.2012;starvationcurve;tbh;f;0;0;0;0;0;0;0;0;0;9;
10.07.2012;starvationcurve;tbh;f;0;0;0;0;0;0;0;1;1;9;
10.07.2012;starvationcurve;tbh;f;0;0;0;0;0;0;0;0;0;9;
10.07.2012;starvationcurve;tbh;f;0;0;0;0;0;1;1;1;3;9;
11.07.2012;starvationcurve;tbh;f;0;0;0;0;0;0;0;1;1;9;
11.07.2012;starvationcurve;tbh;f;0;0;0;1;1;1;1;1;5;9;in 0.1% a bit extension
11.07.2012;starvationcurve;tbh;f;0;0;0;0;0;0;0;0;0;9;
11.07.2012;starvationcurve;tbh;f;0;0;0;0;0;0;0;0;0;9;one first leg segment lost
27.07.2012;starvationcurve;tbh;f;0;0;0;0;0;0;0;0;0;9;
27.07.2012;starvationcurve;tbh;f;0;0;0;0;0;0;0;0;0;9;
16.08.2012;starvationcurve;tbh;f;0;0;0;0;0;0;1;1;2;9;a bit extension in 0.6%,1%,3%
16.08.2012;starvationcurve;tbh;f;0;0;0;0;0;0;0;1;1;9;
11.05.2012;starvationcurve;w;f;0;1;1;1;1;1;1;1;7;1;
11.05.2012;starvationcurve;w;f;0;0;0;0;0;0;1;1;2;1;
12.05.2012;starvationcurve;w;f;0;0;1;0;1;1;1;1;5;1;
12.05.2012;starvationcurve;w;f;0;0;1;1;1;1;1;1;6;1;
16.05.2012;starvationcurve;w;f;0;0;0;0;0;1;1;1;3;1;
16.05.2012;starvationcurve;w;f;0;0;0;0;1;0;1;1;3;1;
16.05.2012;starvationcurve;w;f;0;1;1;1;1;1;1;1;7;1;
17.05.2012;starvationcurve;w;f;0;0;0;0;0;0;0;1;1;1;
17.05.2012;starvationcurve;w;f;0;0;0;0;0;1;1;1;3;1;
17.05.2012;starvationcurve;w;f;0;0;0;1;1;1;1;1;5;1;
23.05.2012;starvationcurve;w;f;0;0;0;0;0;0;1;0;1;1;in 3% a bit extension
23.05.2012;starvationcurve;w;f;0;0;0;0;0;1;1;1;3;1;
23.05.2012;starvationcurve;w;f;0;0,5;0;0;0,5;0;1;1;3;1;
25.05.2012;starvationcurve;w;f;0;1;1;1;1;1;1;1;7;1;
10.07.2012;starvationcurve;w;f;0;0;1;0;1;1;1;1;5;9;in 0% extension before
10.07.2012;starvationcurve;w;f;0;0;0;0;0;1;0;1;2;9;
10.07.2012;starvationcurve;w;f;0;1;1;1;1;1;1;1;7;9;
10.07.2012;starvationcurve;w;f;0;0;1;1;1;1;1;1;6;9;
10.07.2012;starvationcurve;w;f;0;1;1;1;1;1;1;1;7;9;
11.07.2012;starvationcurve;w;f;0;0;0;0;0;1;1;1;3;9;
11.07.2012;starvationcurve;w;f;0;0;0;1;1;1;1;1;5;9;
11.07.2012;starvationcurve;w;f;0;0;0;0;0;1;0;1;2;9;
11.07.2012;starvationcurve;w;f;0;0;0;0;0;1;1;1;3;9;
27.07.2012;starvationcurve;w;f;0;0;0;0;1;1;1;1;4;9;
16.08.2012;starvationcurve;w;f;0;0;0;1;0;0;1;1;3;9;a bit extension in 1%,3%
16.08.2012;starvationcurve;w;f;0;1;1;1;1;1;1;1;7;9;
