date;genotype;sex;heat;starvation_time;starvation;experiment;gluer;tester;0;0,1;0,3;0,6;1;3;10;30;SCORE;labellum;remarks
10.11.2012;tbh;f;yes;96;ninetysix;exp1;chrisi;chrisi;0;0;0;0;0;0;0;0;0;1;
10.11.2012;tbh;f;yes;96;ninetysix;exp1;chrisi;chrisi;0;1;0;0;1;0;0;1;3;1;
10.11.2012;tbh;f;yes;96;ninetysix;exp1;chrisi;chrisi;0;0;0;0;0;0;0;0;0;1;
10.11.2012;tbh;f;yes;96;ninetysix;exp1;chrisi;chrisi;0;0;0;0;0;0;0;0;0;1;
10.11.2012;tbh;f;yes;96;ninetysix;exp1;chrisi;chrisi;0;0;0;0;0;0;0;0;0;1;
10.11.2012;tbh;f;yes;96;ninetysix;exp1;chrisi;chrisi;0;0;0;0;0;0;0;0;0;1;
10.11.2012;tbh;f;yes;96;ninetysix;exp1;chrisi;chrisi;0;0;0;0;0;0;0;0;0;1;
10.11.2012;tbh;f;yes;96;ninetysix;exp1;chrisi;chrisi;0;0;0;0;0;0;0;0;0;1;
10.11.2012;tbh;f;yes;96;ninetysix;exp1;chrisi;chrisi;0;1;0;1;0;1;1;1;5;1;
10.11.2012;HStbh;f;yes;96;ninetysix;exp1;chrisi;chrisi;0;0;0;0;0;0;0;0;0;1;
10.11.2012;HStbh;f;yes;96;ninetysix;exp1;chrisi;chrisi;0;0;0;0;0;0;0;0;0;1;
10.11.2012;HStbh;f;yes;96;ninetysix;exp1;chrisi;chrisi;0;0;0;0;0;0;0;0;0;1;
10.11.2012;HStbh;f;yes;96;ninetysix;exp1;chrisi;chrisi;0;1;1;0;0;1;1;1;5;1;
10.11.2012;HStbh;f;yes;96;ninetysix;exp1;chrisi;chrisi;0;0;0;0;0;0;0;0;0;1;
10.11.2012;HStbh;f;yes;96;ninetysix;exp1;chrisi;chrisi;0;1;1;1;0;1;1;1;6;1;
10.11.2012;HStbh;f;yes;96;ninetysix;exp1;chrisi;chrisi;0;0;0;0;0;0;0;0;0;1;
10.11.2012;HStbh;f;yes;96;ninetysix;exp1;chrisi;chrisi;0;0;0;0;0;0;1;0;1;1;
10.11.2012;HStbh;f;yes;96;ninetysix;exp1;chrisi;chrisi;0;0;1;0;0;0;1;1;3;1;in 0.6% a bit extension
19.12.2012;HStbh;f;yes;96;ninetysix;exp2;chrisi;vicky;0;0;0;0;0;0;0;0;0;1;in 1%,3%,30% a bit extension
19.12.2012;HStbh;f;yes;96;ninetysix;exp2;chrisi;vicky;0;0;0;0;0;0;0;0;0;1;
19.12.2012;HStbh;f;yes;96;ninetysix;exp2;chrisi;vicky;0;0;0;0;0;0;0;1;1;1;
19.12.2012;HStbh;f;yes;96;ninetysix;exp2;chrisi;vicky;0;0;0;0;0;0;0;0;0;1;in 1% a bit extension
19.12.2012;tbh;f;yes;96;ninetysix;exp2;chrisi;vicky;0;0;0;0;0;0;0;0;0;1;
19.12.2012;tbh;f;yes;96;ninetysix;exp2;chrisi;vicky;0;0;0;0;0;0;0;0;0;1;in 10%,30% a bit extension
19.12.2012;w;f;yes;96;ninetysix;exp2;chrisi;vicky;0;0;0;0;0;0;0;0;0;1;
19.12.2012;w;f;yes;96;ninetysix;exp2;chrisi;vicky;0;0;0;0;1;0;0;1;2;1;in 3% a bit extension
19.12.2012;w;f;yes;96;ninetysix;exp2;chrisi;vicky;0;0;0;0;0;0;0;1;1;1;
20.12.2012;w;f;yes;96;ninetysix;exp2;chrisi;chrisi;0;0;0;0;0;0;0;0;0;1;
20.12.2012;w;f;yes;96;ninetysix;exp2;chrisi;chrisi;0;0;0;0;0;0;0;0;0;1;in 10%,30% a bit extension
20.12.2012;w;f;yes;96;ninetysix;exp2;chrisi;chrisi;0;0;0;0;0;0;1;1;2;1;
20.12.2012;w;f;yes;96;ninetysix;exp2;chrisi;chrisi;0;0;0;0;0;0;1;0;1;1;
20.12.2012;w;f;yes;96;ninetysix;exp2;chrisi;chrisi;0;0;0;0;0;0;1;1;2;1;
20.12.2012;w;f;yes;96;ninetysix;exp2;chrisi;chrisi;0;0;0;0;0;0;0;0;0;1;in 30% a bit extension
20.12.2012;w;f;yes;96;ninetysix;exp2;chrisi;chrisi;0;0;0;0;0;0;0;0;0;1;
20.12.2012;tbh;f;yes;96;ninetysix;exp2;chrisi;chrisi;0;0;0;0;0;0;0;0;0;1;
20.12.2012;tbh;f;yes;96;ninetysix;exp2;chrisi;chrisi;0;0;0;0;0;0;0;0;0;1;
20.12.2012;tbh;f;yes;96;ninetysix;exp2;chrisi;chrisi;0;0;0;0;0;0;0;0;0;1;
20.12.2012;HStbh;f;yes;96;ninetysix;exp2;chrisi;chrisi;0;0;0;0;0;0;0;0;0;1;
20.12.2012;HStbh;f;yes;96;ninetysix;exp2;chrisi;chrisi;0;0;0;0;0;0;0;0;0;1;
20.12.2012;HStbh;f;yes;96;ninetysix;exp2;chrisi;chrisi;0;0;0;0;0;0;0;0;0;1;in 30% a bit extension
20.12.2012;HStbh;f;yes;96;ninetysix;exp2;chrisi;chrisi;0;0;0;0;0;0;0;0;0;1;
20.12.2012;HStbh;f;yes;96;ninetysix;exp2;chrisi;chrisi;0;0;0;0;0;0;0;0;0;1;
20.12.2012;HStbh;f;yes;96;ninetysix;exp2;chrisi;chrisi;0;0;0;0;0;0;0;0;0;1;in 0.6%, 10% a bit extension
20.12.2012;HStbh;f;yes;96;ninetysix;exp2;chrisi;chrisi;0;0;0;0;0;0;0;0;0;1;
21.12.2012;HStbh;f;yes;96;ninetysix;exp2;hilde;vicky;0;0;0;0;0;0;0;1;1;1;
21.12.2012;HStbh;f;yes;96;ninetysix;exp2;hilde;vicky;0;0;0;0;0;0;0;0;0;1;
21.12.2012;HStbh;f;yes;96;ninetysix;exp2;hilde;vicky;0;0;0;0;0;0;0;1;1;1;in 0.1%,0.3%,0.6%,1%,3%,10% a bit extension
21.12.2012;HStbh;f;yes;96;ninetysix;exp2;hilde;vicky;0;0;0;0;0;0;0;0;0;1;in 0.1%,0.3%,0.6%,1%,3%,10%,30% a bit extension
21.12.2012;tbh;f;yes;96;ninetysix;exp2;hilde;vicky;0;0;0;0;0;0;0;0;0;1;in 30% a bit extension
21.12.2012;tbh;f;yes;96;ninetysix;exp2;hilde;vicky;0;0;0;0;0;0;0;0;0;1;
21.12.2012;tbh;f;yes;96;ninetysix;exp2;hilde;vicky;0;0;0;0;0;0;0;0;0;1;
21.12.2012;tbh;f;yes;96;ninetysix;exp2;hilde;vicky;0;0;0;0;0;0;0;0;0;1;
21.12.2012;w;f;yes;96;ninetysix;exp2;hilde;vicky;0;0;0;0;0;0;0;0;0;1;
21.12.2012;w;f;yes;96;ninetysix;exp2;hilde;vicky;0;0;1;0;1;1;1;1;5;1;in 0.6% a bit extension
21.12.2012;w;f;yes;96;ninetysix;exp2;hilde;vicky;0;0;0;0;0;1;1;1;3;1;
06.03.2013;HStbh;f;yes;118;hundredeighteen;exp3;chrisi;vicky;0;0;0;0;0;0;0;0;0;1;
06.03.2013;w;f;yes;118;hundredeighteen;exp3;chrisi;vicky;0;1;0;1;1;1;1;1;6;1;in 0.3% a bit extension
06.03.2013;HStbh;f;yes;118;hundredeighteen;exp3;chrisi;vicky;0;0;0;0;0;0;0;0;0;1;
06.03.2013;tbh;f;yes;118;hundredeighteen;exp3;chrisi;vicky;0;0;0;0;0;0;0;0;0;1;
06.03.2013;w;f;yes;118;hundredeighteen;exp3;chrisi;vicky;0;1;0;1;1;1;1;1;6;1;
06.03.2013;w;f;yes;118;hundredeighteen;exp3;chrisi;vicky;0;0;0;0;0;0;0;1;1;1;
06.03.2013;HStbh;f;yes;118;hundredeighteen;exp3;chrisi;vicky;0;0;0;0;0;0;0;0;0;1;
06.03.2013;tbh;f;yes;118;hundredeighteen;exp3;chrisi;vicky;0;0;0;0;0;0;0;0;0;1;
06.03.2013;w;f;yes;118;hundredeighteen;exp3;chrisi;vicky;0;0;0;0;1;1;0;1;3;1;
06.03.2013;HStbh;f;yes;118;hundredeighteen;exp3;chrisi;vicky;0;0;0;0;0;0;0;0;0;1;
06.03.2013;tbh;f;yes;118;hundredeighteen;exp3;chrisi;vicky;0;0;0;0;0;0;0;0;0;1;
06.03.2013;tbh;f;yes;118;hundredeighteen;exp3;chrisi;vicky;0;0;0;0;0;0;0;0;0;1;
06.03.2013;w;f;yes;118;hundredeighteen;exp3;chrisi;vicky;0;0;0;0;0;0;0;1;1;1;
06.03.2013;HStbh;f;yes;118;hundredeighteen;exp3;chrisi;vicky;0;0;0;0;0;0;0;0;0;1;
06.03.2013;w;f;yes;118;hundredeighteen;exp3;chrisi;vicky;0;0;1;1;1;1;1;1;6;1;in 0.1% a bit extension
06.03.2013;HStbh;f;yes;118;hundredeighteen;exp3;chrisi;vicky;0;0;0;0;0;0;0;0;0;1;
06.03.2013;w;f;yes;118;hundredeighteen;exp3;chrisi;vicky;0;0;1;0;0;1;1;1;4;1;
06.03.2013;tbh;f;yes;118;hundredeighteen;exp3;chrisi;vicky;0;0;0;0;0;0;0;0;0;1;
06.03.2013;w;f;yes;118;hundredeighteen;exp3;chrisi;vicky;0;0;1;1;0;1;1;1;5;1;
06.03.2013;w;f;yes;118;hundredeighteen;exp3;chrisi;vicky;0;0;0;0;0;0;0;0;0;1;
06.03.2013;HStbh;f;yes;118;hundredeighteen;exp3;chrisi;vicky;0;1;1;1;1;1;1;1;7;1;
06.03.2013;w;f;yes;118;hundredeighteen;exp3;chrisi;vicky;0;0;0;0;0;0;0;1;1;1;
06.03.2013;tbh;f;yes;118;hundredeighteen;exp3;chrisi;vicky;0;0;1;1;0;1;1;1;5;1;
06.03.2013;w;f;yes;118;hundredeighteen;exp3;chrisi;vicky;0;0;0;0;0;1;0;0;1;1;
06.03.2013;HStbh;f;yes;118;hundredeighteen;exp3;chrisi;vicky;0;0;0;0;0;0;0;0;0;1;
06.03.2013;tbh;f;yes;118;hundredeighteen;exp3;chrisi;vicky;0;0;0;0;0;0;0;0;0;1;
06.03.2013;w;f;yes;118;hundredeighteen;exp3;chrisi;vicky;0;0;1;1;1;1;1;1;6;1;
07.03.2013;w;f;yes;118;hundredeighteen;exp3;vicky;vicky;0;0;1;1;1;1;1;1;6;1;
07.03.2013;tbh;f;yes;118;hundredeighteen;exp3;vicky;vicky;0;0;0;0;0;0;0;0;0;1;
07.03.2013;HStbh;f;yes;118;hundredeighteen;exp3;vicky;vicky;0;0;0;0;0;0;0;0;0;1;
07.03.2013;tbh;f;yes;118;hundredeighteen;exp3;vicky;vicky;0;0;0;0;0;0;0;0;0;1;
07.03.2013;tbh;f;yes;118;hundredeighteen;exp3;vicky;vicky;0;0;0;0;0;0;0;0;0;1;
07.03.2013;w;f;yes;118;hundredeighteen;exp3;vicky;vicky;0;1;1;1;0;1;1;1;6;1;
07.03.2013;w;f;yes;118;hundredeighteen;exp3;vicky;vicky;0;0;0;0;1;0;1;1;3;1;in 0.1% a bit extension
07.03.2013;tbh;f;yes;118;hundredeighteen;exp3;vicky;vicky;0;0;0;0;0;0;1;0;1;1;
07.03.2013;HStbh;f;yes;118;hundredeighteen;exp3;vicky;vicky;0;0;1;1;1;1;0;1;5;1;in 0.1% a bit extension
07.03.2013;w;f;yes;118;hundredeighteen;exp3;vicky;vicky;0;1;1;1;1;1;1;1;7;1;
07.03.2013;HStbh;f;yes;118;hundredeighteen;exp3;vicky;vicky;0;0;0;0;0;0;0;0;0;1;
07.03.2013;tbh;f;yes;118;hundredeighteen;exp3;vicky;vicky;0;0;0;0;0;0;0;0;0;1;
